DATE,consumer_confidence_index,consumer_price_index,emratio,GDP,house_start,income,median_sales_price,mortgage_rate,population,target,unemployed_rate
2004-01-01,103.8,186.3,62.3,0.0,3822.0,9731.8,212700.0,5.7125,292046.0,141.646,5.7
2004-01-31,0.0,0.0,0.0,11923.447,0.0,0.0,0.0,0.0,0.0,0.0,0.0
2004-02-01,94.4,186.7,62.3,0.0,3692.0,9765.4,212700.0,5.635,292230.0,143.191,5.6
2004-02-29,0.0,0.0,0.0,11923.447,0.0,0.0,0.0,0.0,0.0,0.0,0.0
2004-03-01,95.8,187.1,62.2,0.0,3996.0,9815.8,212700.0,5.445,292434.0,145.058,5.8
2004-03-31,0.0,0.0,0.0,11923.447,0.0,0.0,0.0,0.0,0.0,0.0,0.0
2004-04-01,94.2,187.4,62.3,0.0,4006.0,9865.8,217600.0,5.83,292651.0,146.592,5.6
2004-04-30,0.0,0.0,0.0,12112.815,0.0,0.0,0.0,0.0,0.0,0.0,0.0
2004-05-01,90.2,188.2,62.3,0.0,3962.0,9950.0,217600.0,6.27,292872.0,148.185,5.6
2004-05-31,0.0,0.0,0.0,12112.815,0.0,0.0,0.0,0.0,0.0,0.0,0.0
2004-06-01,95.6,188.9,62.4,0.0,3656.0,9988.4,217600.0,6.2875,293103.0,149.85,5.6
2004-06-30,0.0,0.0,0.0,12112.815,0.0,0.0,0.0,0.0,0.0,0.0,0.0
2004-07-01,96.7,189.1,62.5,0.0,4004.0,10033.0,213500.0,6.056,293350.0,151.337,5.5
2004-07-31,0.0,0.0,0.0,12305.307,0.0,0.0,0.0,0.0,0.0,0.0,0.0
2004-08-01,95.9,189.2,62.4,0.0,4048.0,10078.2,213500.0,5.8675,293603.0,152.633,5.4
2004-08-31,0.0,0.0,0.0,12305.307,0.0,0.0,0.0,0.0,0.0,0.0,0.0
2004-09-01,94.2,189.8,62.3,0.0,3810.0,10110.5,213500.0,5.754,293857.0,154.177,5.4
2004-09-30,0.0,0.0,0.0,12305.307,0.0,0.0,0.0,0.0,0.0,0.0,0.0
2004-10-01,91.7,190.8,62.3,0.0,4144.0,10159.3,228800.0,5.7225,294104.0,155.75,5.5
2004-10-31,0.0,0.0,0.0,12527.214,0.0,0.0,0.0,0.0,0.0,0.0,0.0
2004-11-01,92.8,191.7,62.5,0.0,3564.0,10171.5,228800.0,5.73,294337.0,157.526,5.4
2004-11-30,0.0,0.0,0.0,12527.214,0.0,0.0,0.0,0.0,0.0,0.0,0.0
2004-12-01,97.1,191.7,62.4,0.0,4084.0,10520.8,228800.0,5.752,294561.0,159.329,5.4
2004-12-31,0.0,0.0,0.0,12527.214,0.0,0.0,0.0,0.0,0.0,0.0,0.0
2005-01-01,95.5,191.6,62.4,0.0,4288.0,10247.0,232500.0,5.71,294768.0,161.287,5.3
2005-01-31,0.0,0.0,0.0,12767.286,0.0,0.0,0.0,0.0,0.0,0.0,0.0
2005-02-01,94.1,192.4,62.4,0.0,4414.0,10282.7,232500.0,5.6275,294955.0,163.343,5.4
2005-02-28,0.0,0.0,0.0,12767.286,0.0,0.0,0.0,0.0,0.0,0.0,0.0
2005-03-01,92.6,193.1,62.4,0.0,3728.0,10347.9,232500.0,5.928,295149.0,165.812,5.2
2005-03-31,0.0,0.0,0.0,12767.286,0.0,0.0,0.0,0.0,0.0,0.0,0.0
2005-04-01,87.7,193.7,62.7,0.0,4122.0,10412.1,233700.0,5.855,295359.0,167.501,5.2
2005-04-30,0.0,0.0,0.0,12922.656,0.0,0.0,0.0,0.0,0.0,0.0,0.0
2005-05-01,86.9,193.6,62.8,0.0,4050.0,10464.1,233700.0,5.72,295582.0,169.35,5.1
2005-05-31,0.0,0.0,0.0,12922.656,0.0,0.0,0.0,0.0,0.0,0.0,0.0
2005-06-01,96.0,193.7,62.7,0.0,4136.0,10498.0,233700.0,5.582,295824.0,171.19,5.0
2005-06-30,0.0,0.0,0.0,12922.656,0.0,0.0,0.0,0.0,0.0,0.0,0.0
2005-07-01,96.5,194.9,62.8,0.0,4108.0,10558.3,236400.0,5.695,296077.0,172.859,5.0
2005-07-31,0.0,0.0,0.0,13142.642,0.0,0.0,0.0,0.0,0.0,0.0,0.0
2005-08-01,89.1,196.1,62.9,0.0,4190.0,10619.6,236400.0,5.82,296338.0,174.443,4.9
2005-08-31,0.0,0.0,0.0,13142.642,0.0,0.0,0.0,0.0,0.0,0.0,0.0
2005-09-01,76.9,198.8,62.8,0.0,4302.0,10687.7,236400.0,5.774,296606.0,176.437,5.0
2005-09-30,0.0,0.0,0.0,13142.642,0.0,0.0,0.0,0.0,0.0,0.0,0.0
2005-10-01,74.2,199.1,62.8,0.0,4130.0,10767.3,243600.0,6.065,296857.0,178.026,5.0
2005-10-31,0.0,0.0,0.0,13324.204,0.0,0.0,0.0,0.0,0.0,0.0,0.0
2005-11-01,81.6,198.1,62.7,0.0,4294.0,10815.4,243600.0,6.33,297089.0,179.68,5.0
2005-11-30,0.0,0.0,0.0,13324.204,0.0,0.0,0.0,0.0,0.0,0.0,0.0
2005-12-01,91.5,198.1,62.8,0.0,3988.0,10853.1,243600.0,6.272,297311.0,180.909,4.9
2005-12-31,0.0,0.0,0.0,13324.204,0.0,0.0,0.0,0.0,0.0,0.0,0.0
2006-01-01,91.2,199.3,62.9,0.0,4546.0,11038.6,247700.0,6.145,297526.0,182.32,4.7
2006-01-31,0.0,0.0,0.0,13599.16,0.0,0.0,0.0,0.0,0.0,0.0,0.0
2006-02-01,86.7,199.4,63.0,0.0,4238.0,11102.6,247700.0,6.2525,297734.0,183.287,4.8
2006-02-28,0.0,0.0,0.0,13599.16,0.0,0.0,0.0,0.0,0.0,0.0,0.0
2006-03-01,88.9,199.7,63.1,0.0,3938.0,11171.8,247700.0,6.324,297950.0,184.364,4.7
2006-03-31,0.0,0.0,0.0,13599.16,0.0,0.0,0.0,0.0,0.0,0.0,0.0
2006-04-01,87.4,200.7,63.0,0.0,3642.0,11229.5,246300.0,6.5075,298170.0,184.328,4.7
2006-04-30,0.0,0.0,0.0,13753.424,0.0,0.0,0.0,0.0,0.0,0.0,0.0
2006-05-01,79.1,201.3,63.1,0.0,3884.0,11251.1,246300.0,6.5975,298401.0,184.155,4.6
2006-05-31,0.0,0.0,0.0,13753.424,0.0,0.0,0.0,0.0,0.0,0.0,0.0
2006-06-01,84.9,201.8,63.1,0.0,3604.0,11292.8,246300.0,6.682,298653.0,183.506,4.6
2006-06-30,0.0,0.0,0.0,13753.424,0.0,0.0,0.0,0.0,0.0,0.0,0.0
2006-07-01,84.7,202.9,63.0,0.0,3474.0,11322.1,235600.0,6.7625,298910.0,183.066,4.7
2006-07-31,0.0,0.0,0.0,13870.188,0.0,0.0,0.0,0.0,0.0,0.0,0.0
2006-08-01,82.0,203.8,63.1,0.0,3300.0,11346.8,235600.0,6.524,299178.0,182.595,4.7
2006-08-31,0.0,0.0,0.0,13870.188,0.0,0.0,0.0,0.0,0.0,0.0,0.0
2006-09-01,85.4,202.8,63.1,0.0,3440.0,11383.9,235600.0,6.4025,299452.0,182.798,4.5
2006-09-30,0.0,0.0,0.0,13870.188,0.0,0.0,0.0,0.0,0.0,0.0,0.0
2006-10-01,93.6,201.9,63.3,0.0,2982.0,11417.8,245400.0,6.3575,299710.0,183.197,4.4
2006-10-31,0.0,0.0,0.0,14039.56,0.0,0.0,0.0,0.0,0.0,0.0,0.0
2006-11-01,92.1,202.0,63.3,0.0,3140.0,11479.3,245400.0,6.24,299950.0,183.608,4.5
2006-11-30,0.0,0.0,0.0,14039.56,0.0,0.0,0.0,0.0,0.0,0.0,0.0
2006-12-01,91.7,203.1,63.4,0.0,3298.0,11587.6,245400.0,6.135,300178.0,184.138,4.4
2006-12-31,0.0,0.0,0.0,14039.56,0.0,0.0,0.0,0.0,0.0,0.0,0.0
2007-01-01,96.9,203.437,63.3,0.0,2818.0,11647.1,257400.0,6.2175,300398.0,184.515,4.6
2007-01-31,0.0,0.0,0.0,14215.651,0.0,0.0,0.0,0.0,0.0,0.0,0.0
2007-02-01,91.3,204.226,63.3,0.0,2960.0,11734.2,257400.0,6.285,300608.0,184.597,4.5
2007-02-28,0.0,0.0,0.0,14215.651,0.0,0.0,0.0,0.0,0.0,0.0,0.0
2007-03-01,88.4,205.288,63.3,0.0,2990.0,11821.4,257400.0,6.156,300823.0,184.149,4.4
2007-03-31,0.0,0.0,0.0,14215.651,0.0,0.0,0.0,0.0,0.0,0.0,0.0
2007-04-01,87.1,205.904,63.0,0.0,2980.0,11868.1,242200.0,6.18,301045.0,183.009,4.5
2007-04-30,0.0,0.0,0.0,14402.082,0.0,0.0,0.0,0.0,0.0,0.0,0.0
2007-05-01,88.3,206.755,63.0,0.0,2830.0,11908.7,242200.0,6.262,301278.0,181.6,4.4
2007-05-31,0.0,0.0,0.0,14402.082,0.0,0.0,0.0,0.0,0.0,0.0,0.0
2007-06-01,85.3,207.234,63.0,0.0,2896.0,11929.2,242200.0,6.6575,301528.0,180.253,4.6
2007-06-30,0.0,0.0,0.0,14402.082,0.0,0.0,0.0,0.0,0.0,0.0,0.0
2007-07-01,90.4,207.603,62.9,0.0,2708.0,11955.7,241800.0,6.695,301790.0,179.109,4.7
2007-07-31,0.0,0.0,0.0,14564.117,0.0,0.0,0.0,0.0,0.0,0.0,0.0
2007-08-01,83.4,207.667,62.7,0.0,2660.0,11963.1,241800.0,6.572,302064.0,178.116,4.6
2007-08-31,0.0,0.0,0.0,14564.117,0.0,0.0,0.0,0.0,0.0,0.0,0.0
2007-09-01,83.4,208.547,62.9,0.0,2366.0,12025.5,241800.0,6.3825,302334.0,177.556,4.7
2007-09-30,0.0,0.0,0.0,14564.117,0.0,0.0,0.0,0.0,0.0,0.0,0.0
2007-10-01,80.9,209.19,62.7,0.0,2528.0,12046.8,238400.0,6.375,302590.0,176.623,4.7
2007-10-31,0.0,0.0,0.0,14715.058,0.0,0.0,0.0,0.0,0.0,0.0,0.0
2007-11-01,76.1,210.834,62.9,0.0,2394.0,12102.8,238400.0,6.208,302834.0,175.146,4.7
2007-11-30,0.0,0.0,0.0,14715.058,0.0,0.0,0.0,0.0,0.0,0.0,0.0
2007-12-01,75.5,211.445,62.7,0.0,2074.0,12182.7,238400.0,6.095,303062.0,174.341,5.0
2007-12-31,0.0,0.0,0.0,14715.058,0.0,0.0,0.0,0.0,0.0,0.0,0.0
2008-01-01,78.4,212.174,62.9,0.0,2168.0,12227.8,233900.0,5.758,303280.0,173.131,5.0
2008-01-31,0.0,0.0,0.0,14706.538,0.0,0.0,0.0,0.0,0.0,0.0,0.0
2008-02-01,70.8,212.687,62.8,0.0,2206.0,12264.9,233900.0,5.9175,303494.0,171.539,4.9
2008-02-29,0.0,0.0,0.0,14706.538,0.0,0.0,0.0,0.0,0.0,0.0,0.0
2008-03-01,69.5,213.448,62.7,0.0,2010.0,12314.7,233900.0,5.97,303707.0,170.051,5.1
2008-03-31,0.0,0.0,0.0,14706.538,0.0,0.0,0.0,0.0,0.0,0.0,0.0
2008-04-01,62.6,213.942,62.7,0.0,2026.0,12302.6,235300.0,5.9175,303926.0,168.336,5.0
2008-04-30,0.0,0.0,0.0,14865.701,0.0,0.0,0.0,0.0,0.0,0.0,0.0
2008-05-01,59.8,215.208,62.5,0.0,1946.0,12879.3,235300.0,6.036,304157.0,166.657,5.4
2008-05-31,0.0,0.0,0.0,14865.701,0.0,0.0,0.0,0.0,0.0,0.0,0.0
2008-06-01,56.4,217.463,62.4,0.0,2092.0,12661.0,235300.0,6.32,304396.0,165.016,5.6
2008-06-30,0.0,0.0,0.0,14865.701,0.0,0.0,0.0,0.0,0.0,0.0,0.0
2008-07-01,61.2,219.016,62.2,0.0,1846.0,12514.8,226500.0,6.426,304646.0,163.564,5.8
2008-07-31,0.0,0.0,0.0,14898.999,0.0,0.0,0.0,0.0,0.0,0.0,0.0
2008-08-01,63.0,218.69,62.0,0.0,1688.0,12426.0,226500.0,6.4775,304903.0,161.987,6.1
2008-08-31,0.0,0.0,0.0,14898.999,0.0,0.0,0.0,0.0,0.0,0.0,0.0
2008-09-01,70.3,218.877,61.9,0.0,1640.0,12445.0,226500.0,6.0375,305158.0,160.306,6.1
2008-09-30,0.0,0.0,0.0,14898.999,0.0,0.0,0.0,0.0,0.0,0.0,0.0
2008-10-01,57.6,216.995,61.7,0.0,1554.0,12446.5,222500.0,6.2,305403.0,158.326,6.5
2008-10-31,0.0,0.0,0.0,14608.209,0.0,0.0,0.0,0.0,0.0,0.0,0.0
2008-11-01,55.3,213.153,61.4,0.0,1304.0,12387.1,222500.0,6.0875,305620.0,156.141,6.8
2008-11-30,0.0,0.0,0.0,14608.209,0.0,0.0,0.0,0.0,0.0,0.0,0.0
2008-12-01,60.1,211.398,61.0,0.0,1120.0,12238.5,222500.0,5.286,305827.0,153.618,7.3
2008-12-31,0.0,0.0,0.0,14608.209,0.0,0.0,0.0,0.0,0.0,0.0,0.0
2009-01-01,61.2,211.933,60.6,0.0,980.0,12125.6,208400.0,5.0475,306035.0,151.507,7.8
2009-01-31,0.0,0.0,0.0,14430.902,0.0,0.0,0.0,0.0,0.0,0.0,0.0
2009-02-01,56.3,212.705,60.3,0.0,1164.0,12007.4,208400.0,5.13,306237.0,150.015,8.3
2009-02-28,0.0,0.0,0.0,14430.902,0.0,0.0,0.0,0.0,0.0,0.0,0.0
2009-03-01,57.3,212.495,59.9,0.0,1010.0,11965.3,208400.0,5.0025,306438.0,148.66,8.7
2009-03-31,0.0,0.0,0.0,14430.902,0.0,0.0,0.0,0.0,0.0,0.0,0.0
2009-04-01,65.1,212.709,59.8,0.0,956.0,12009.4,220900.0,4.81,306645.0,147.947,9.0
2009-04-30,0.0,0.0,0.0,14381.236,0.0,0.0,0.0,0.0,0.0,0.0,0.0
2009-05-01,68.7,213.022,59.6,0.0,1080.0,12179.6,220900.0,4.8575,306863.0,147.692,9.4
2009-05-31,0.0,0.0,0.0,14381.236,0.0,0.0,0.0,0.0,0.0,0.0,0.0
2009-06-01,70.8,214.79,59.4,0.0,1170.0,12042.9,220900.0,5.42,307090.0,148.088,9.5
2009-06-30,0.0,0.0,0.0,14381.236,0.0,0.0,0.0,0.0,0.0,0.0,0.0
2009-07-01,66.0,214.726,59.3,0.0,1188.0,11998.4,214300.0,5.222,307322.0,148.407,9.5
2009-07-31,0.0,0.0,0.0,14448.882,0.0,0.0,0.0,0.0,0.0,0.0,0.0
2009-08-01,65.7,215.445,59.1,0.0,1172.0,12011.2,214300.0,5.1925,307570.0,148.277,9.6
2009-08-31,0.0,0.0,0.0,14448.882,0.0,0.0,0.0,0.0,0.0,0.0,0.0
2009-09-01,73.5,215.861,58.7,0.0,1170.0,12061.1,214300.0,5.0575,307826.0,148.024,9.8
2009-09-30,0.0,0.0,0.0,14448.882,0.0,0.0,0.0,0.0,0.0,0.0,0.0
2009-10-01,70.6,216.509,58.5,0.0,1068.0,12069.4,219000.0,4.952,308071.0,147.85,10.0
2009-10-31,0.0,0.0,0.0,14651.249,0.0,0.0,0.0,0.0,0.0,0.0,0.0
2009-11-01,67.4,217.234,58.6,0.0,1176.0,12129.6,219000.0,4.875,308289.0,148.135,9.9
2009-11-30,0.0,0.0,0.0,14651.249,0.0,0.0,0.0,0.0,0.0,0.0,0.0
2009-12-01,72.5,217.347,58.3,0.0,1162.0,12188.2,219000.0,4.93,308495.0,147.928,9.9
2009-12-31,0.0,0.0,0.0,14651.249,0.0,0.0,0.0,0.0,0.0,0.0,0.0
2010-01-01,74.4,217.488,58.5,0.0,1228.0,12267.7,222900.0,5.03,308706.0,147.396,9.8
2010-01-31,0.0,0.0,0.0,14764.61,0.0,0.0,0.0,0.0,0.0,0.0,0.0
2010-02-01,73.6,217.281,58.5,0.0,1208.0,12267.6,222900.0,4.99,308904.0,145.631,9.8
2010-02-28,0.0,0.0,0.0,14764.61,0.0,0.0,0.0,0.0,0.0,0.0,0.0
2010-03-01,73.6,217.353,58.5,0.0,1272.0,12330.9,222900.0,4.9675,309095.0,145.858,9.9
2010-03-31,0.0,0.0,0.0,14764.61,0.0,0.0,0.0,0.0,0.0,0.0,0.0
2010-04-01,72.2,217.403,58.7,0.0,1374.0,12441.8,219500.0,5.098,309289.0,146.403,9.9
2010-04-30,0.0,0.0,0.0,14980.193,0.0,0.0,0.0,0.0,0.0,0.0,0.0
2010-05-01,73.6,217.29,58.6,0.0,1166.0,12543.7,219500.0,4.8875,309485.0,146.394,9.6
2010-05-31,0.0,0.0,0.0,14980.193,0.0,0.0,0.0,0.0,0.0,0.0,0.0
2010-06-01,76.0,217.199,58.5,0.0,1072.0,12550.7,219500.0,4.7375,309691.0,145.72,9.4
2010-06-30,0.0,0.0,0.0,14980.193,0.0,0.0,0.0,0.0,0.0,0.0,0.0
2010-07-01,67.8,217.605,58.5,0.0,1092.0,12588.7,224100.0,4.564,309913.0,144.989,9.4
2010-07-31,0.0,0.0,0.0,15141.607,0.0,0.0,0.0,0.0,0.0,0.0,0.0
2010-08-01,68.9,217.923,58.6,0.0,1198.0,12652.9,224100.0,4.4275,310146.0,143.914,9.5
2010-08-31,0.0,0.0,0.0,15141.607,0.0,0.0,0.0,0.0,0.0,0.0,0.0
2010-09-01,68.2,218.275,58.5,0.0,1188.0,12673.4,224100.0,4.346,310385.0,143.017,9.5
2010-09-30,0.0,0.0,0.0,15141.607,0.0,0.0,0.0,0.0,0.0,0.0,0.0
2010-10-01,67.7,219.035,58.3,0.0,1086.0,12723.6,224300.0,4.225,310612.0,142.528,9.4
2010-10-31,0.0,0.0,0.0,15309.474,0.0,0.0,0.0,0.0,0.0,0.0,0.0
2010-11-01,71.6,219.59,58.2,0.0,1090.0,12765.5,224300.0,4.3,310820.0,142.169,9.8
2010-11-30,0.0,0.0,0.0,15309.474,0.0,0.0,0.0,0.0,0.0,0.0,0.0
2010-12-01,74.5,220.472,58.3,0.0,1078.0,12873.1,224300.0,4.714,311020.0,142.056,9.3
2010-12-31,0.0,0.0,0.0,15309.474,0.0,0.0,0.0,0.0,0.0,0.0,0.0
2011-01-01,74.2,221.187,58.3,0.0,1260.0,13080.7,226900.0,4.755,311204.0,141.518,9.1
2011-01-31,0.0,0.0,0.0,15351.448,0.0,0.0,0.0,0.0,0.0,0.0,0.0
2011-02-01,77.5,221.898,58.4,0.0,1034.0,13155.6,226900.0,4.9525,311373.0,140.345,9.0
2011-02-28,0.0,0.0,0.0,15351.448,0.0,0.0,0.0,0.0,0.0,0.0,0.0
2011-03-01,67.5,223.046,58.4,0.0,1200.0,13178.2,226900.0,4.836,311551.0,139.977,9.0
2011-03-31,0.0,0.0,0.0,15351.448,0.0,0.0,0.0,0.0,0.0,0.0,0.0
2011-04-01,69.8,224.093,58.4,0.0,1108.0,13212.8,228100.0,4.84,311740.0,140.008,9.1
2011-04-30,0.0,0.0,0.0,15557.539,0.0,0.0,0.0,0.0,0.0,0.0,0.0
2011-05-01,74.3,224.806,58.3,0.0,1122.0,13239.1,228100.0,4.6375,311935.0,139.904,9.0
2011-05-31,0.0,0.0,0.0,15557.539,0.0,0.0,0.0,0.0,0.0,0.0,0.0
2011-06-01,71.5,224.806,58.2,0.0,1216.0,13295.7,228100.0,4.51,312147.0,139.861,9.1
2011-06-30,0.0,0.0,0.0,15557.539,0.0,0.0,0.0,0.0,0.0,0.0,0.0
2011-07-01,63.7,225.395,58.2,0.0,1246.0,13375.8,223500.0,4.545,312372.0,139.73,9.0
2011-07-31,0.0,0.0,0.0,15647.68,0.0,0.0,0.0,0.0,0.0,0.0,0.0
2011-08-01,55.8,226.106,58.3,0.0,1170.0,13400.3,223500.0,4.27,312605.0,139.308,9.0
2011-08-31,0.0,0.0,0.0,15647.68,0.0,0.0,0.0,0.0,0.0,0.0,0.0
2011-09-01,59.5,226.597,58.4,0.0,1300.0,13401.5,223500.0,4.106,312842.0,138.667,9.0
2011-09-30,0.0,0.0,0.0,15647.68,0.0,0.0,0.0,0.0,0.0,0.0,0.0
2011-10-01,60.8,226.75,58.4,0.0,1220.0,13406.4,221100.0,4.0675,313060.0,137.951,8.8
2011-10-31,0.0,0.0,0.0,15842.259,0.0,0.0,0.0,0.0,0.0,0.0,0.0
2011-11-01,63.7,227.169,58.6,0.0,1422.0,13419.7,221100.0,3.9925,313260.0,137.15,8.6
2011-11-30,0.0,0.0,0.0,15842.259,0.0,0.0,0.0,0.0,0.0,0.0,0.0
2011-12-01,69.9,227.223,58.6,0.0,1388.0,13548.9,221100.0,3.958,313454.0,136.673,8.5
2011-12-31,0.0,0.0,0.0,15842.259,0.0,0.0,0.0,0.0,0.0,0.0,0.0
2012-01-01,75.0,227.842,58.4,0.0,1446.0,13631.6,238400.0,3.915,313636.0,136.606,8.3
2012-01-31,0.0,0.0,0.0,16068.805,0.0,0.0,0.0,0.0,0.0,0.0,0.0
2012-02-01,75.3,228.329,58.5,0.0,1408.0,13731.1,238400.0,3.89,313811.0,136.531,8.3
2012-02-29,0.0,0.0,0.0,16068.805,0.0,0.0,0.0,0.0,0.0,0.0,0.0
2012-03-01,76.2,228.807,58.5,0.0,1390.0,13798.5,238400.0,3.954,313993.0,137.902,8.2
2012-03-31,0.0,0.0,0.0,16068.805,0.0,0.0,0.0,0.0,0.0,0.0,0.0
2012-04-01,76.4,229.187,58.4,0.0,1506.0,13868.1,238700.0,3.91,314176.0,139.152,8.2
2012-04-30,0.0,0.0,0.0,16207.115,0.0,0.0,0.0,0.0,0.0,0.0,0.0
2012-05-01,79.3,228.713,58.5,0.0,1416.0,13850.3,238700.0,3.798,314368.0,140.154,8.2
2012-05-31,0.0,0.0,0.0,16207.115,0.0,0.0,0.0,0.0,0.0,0.0,0.0
2012-06-01,73.2,228.524,58.6,0.0,1514.0,13837.1,238700.0,3.675,314576.0,141.03,8.2
2012-06-30,0.0,0.0,0.0,16207.115,0.0,0.0,0.0,0.0,0.0,0.0,0.0
2012-07-01,72.3,228.59,58.5,0.0,1480.0,13752.9,248800.0,3.55,314796.0,141.67,8.2
2012-07-31,0.0,0.0,0.0,16319.541,0.0,0.0,0.0,0.0,0.0,0.0,0.0
2012-08-01,74.3,229.918,58.4,0.0,1508.0,13768.5,248800.0,3.602,315031.0,142.28,8.1
2012-08-31,0.0,0.0,0.0,16319.541,0.0,0.0,0.0,0.0,0.0,0.0,0.0
2012-09-01,78.3,231.015,58.7,0.0,1694.0,13914.1,248800.0,3.4975,315264.0,142.907,7.8
2012-09-30,0.0,0.0,0.0,16319.541,0.0,0.0,0.0,0.0,0.0,0.0,0.0
2012-10-01,82.6,231.638,58.8,0.0,1830.0,14049.2,251700.0,3.3825,315485.0,143.598,7.8
2012-10-31,0.0,0.0,0.0,16420.419,0.0,0.0,0.0,0.0,0.0,0.0,0.0
2012-11-01,82.7,231.249,58.7,0.0,1666.0,14230.7,251700.0,3.352,315692.0,144.582,7.7
2012-11-30,0.0,0.0,0.0,16420.419,0.0,0.0,0.0,0.0,0.0,0.0,0.0
2012-12-01,72.9,231.221,58.7,0.0,1952.0,14581.4,251700.0,3.345,315877.0,145.499,7.9
2012-12-31,0.0,0.0,0.0,16420.419,0.0,0.0,0.0,0.0,0.0,0.0,0.0
2013-01-01,73.8,231.679,58.6,0.0,1776.0,13880.4,258400.0,3.414,316038.0,146.824,8.0
2013-01-31,0.0,0.0,0.0,16648.189,0.0,0.0,0.0,0.0,0.0,0.0,0.0
2013-02-01,77.6,232.937,58.6,0.0,1924.0,13902.0,258400.0,3.5325,316191.0,147.781,7.7
2013-02-28,0.0,0.0,0.0,16648.189,0.0,0.0,0.0,0.0,0.0,0.0,0.0
2013-03-01,78.6,232.282,58.5,0.0,2020.0,13932.2,258400.0,3.565,316357.0,149.961,7.5
2013-03-31,0.0,0.0,0.0,16648.189,0.0,0.0,0.0,0.0,0.0,0.0,0.0
2013-04-01,76.4,231.797,58.6,0.0,1670.0,13974.9,268100.0,3.445,316535.0,151.518,7.6
2013-04-30,0.0,0.0,0.0,16728.687,0.0,0.0,0.0,0.0,0.0,0.0,0.0
2013-05-01,84.5,231.893,58.6,0.0,1860.0,14052.5,268100.0,3.536,316729.0,152.85,7.5
2013-05-31,0.0,0.0,0.0,16728.687,0.0,0.0,0.0,0.0,0.0,0.0,0.0
2013-06-01,84.1,232.445,58.6,0.0,1678.0,14083.9,268100.0,4.07,316934.0,154.202,7.5
2013-06-30,0.0,0.0,0.0,16728.687,0.0,0.0,0.0,0.0,0.0,0.0,0.0
2013-07-01,85.1,232.9,58.7,0.0,1760.0,14072.0,264800.0,4.37,317156.0,155.607,7.3
2013-07-31,0.0,0.0,0.0,16953.838,0.0,0.0,0.0,0.0,0.0,0.0,0.0
2013-08-01,82.1,233.456,58.7,0.0,1834.0,14117.3,264800.0,4.456,317397.0,156.963,7.2
2013-08-31,0.0,0.0,0.0,16953.838,0.0,0.0,0.0,0.0,0.0,0.0,0.0
2013-09-01,77.5,233.544,58.7,0.0,1700.0,14181.7,264800.0,4.49,317635.0,158.225,7.2
2013-09-30,0.0,0.0,0.0,16953.838,0.0,0.0,0.0,0.0,0.0,0.0,0.0
2013-10-01,73.2,233.669,58.3,0.0,1850.0,14152.3,273600.0,4.192,317864.0,159.24,7.2
2013-10-31,0.0,0.0,0.0,17192.019,0.0,0.0,0.0,0.0,0.0,0.0,0.0
2013-11-01,75.1,234.1,58.6,0.0,2200.0,14209.6,273600.0,4.255,318076.0,160.073,6.9
2013-11-30,0.0,0.0,0.0,17192.019,0.0,0.0,0.0,0.0,0.0,0.0,0.0
2013-12-01,82.5,234.719,58.7,0.0,2004.0,14266.5,273600.0,4.4575,318276.0,160.993,6.7
2013-12-31,0.0,0.0,0.0,17192.019,0.0,0.0,0.0,0.0,0.0,0.0,0.0
2014-01-01,81.2,235.288,58.8,0.0,1776.0,14369.2,275200.0,4.432,318464.0,161.924,6.6
2014-01-31,0.0,0.0,0.0,17197.738,0.0,0.0,0.0,0.0,0.0,0.0,0.0
2014-02-01,81.6,235.547,58.7,0.0,1888.0,14456.4,275200.0,4.3025,318642.0,162.523,6.7
2014-02-28,0.0,0.0,0.0,17197.738,0.0,0.0,0.0,0.0,0.0,0.0,0.0
2014-03-01,80.0,236.028,58.9,0.0,1940.0,14555.0,275200.0,4.3425,318827.0,163.084,6.7
2014-03-31,0.0,0.0,0.0,17197.738,0.0,0.0,0.0,0.0,0.0,0.0,0.0
2014-04-01,84.1,236.468,58.9,0.0,2086.0,14624.5,288000.0,4.3375,319020.0,163.39,6.2
2014-04-30,0.0,0.0,0.0,17518.508,0.0,0.0,0.0,0.0,0.0,0.0,0.0
2014-05-01,81.9,236.918,58.9,0.0,2014.0,14689.5,288000.0,4.192,319225.0,163.656,6.3
2014-05-31,0.0,0.0,0.0,17518.508,0.0,0.0,0.0,0.0,0.0,0.0,0.0
2014-06-01,82.5,237.231,59.0,0.0,1822.0,14760.1,288000.0,4.1625,319438.0,164.067,6.1
2014-06-30,0.0,0.0,0.0,17518.508,0.0,0.0,0.0,0.0,0.0,0.0,0.0
2014-07-01,81.8,237.498,59.0,0.0,2170.0,14821.1,281000.0,4.13,319670.0,164.587,6.2
2014-07-31,0.0,0.0,0.0,17804.228,0.0,0.0,0.0,0.0,0.0,0.0,0.0
2014-08-01,82.5,237.46,59.0,0.0,1968.0,14894.2,281000.0,4.115,319919.0,165.212,6.1
2014-08-31,0.0,0.0,0.0,17804.228,0.0,0.0,0.0,0.0,0.0,0.0,0.0
2014-09-01,84.6,237.477,59.1,0.0,2046.0,14951.2,281000.0,4.1625,320166.0,165.903,5.9
2014-09-30,0.0,0.0,0.0,17804.228,0.0,0.0,0.0,0.0,0.0,0.0,0.0
2014-10-01,86.9,237.43,59.3,0.0,2148.0,15022.7,298900.0,4.036,320403.0,166.639,5.7
2014-10-31,0.0,0.0,0.0,17912.079,0.0,0.0,0.0,0.0,0.0,0.0,0.0
2014-11-01,88.8,236.983,59.2,0.0,2002.0,15094.0,298900.0,3.9975,320616.0,167.332,5.8
2014-11-30,0.0,0.0,0.0,17912.079,0.0,0.0,0.0,0.0,0.0,0.0,0.0
2014-12-01,93.6,236.252,59.3,0.0,2146.0,15170.9,298900.0,3.864,320815.0,168.047,5.6
2014-12-31,0.0,0.0,0.0,17912.079,0.0,0.0,0.0,0.0,0.0,0.0,0.0
2015-01-01,98.1,234.747,59.3,0.0,2170.0,15230.8,289200.0,3.67,320997.0,168.627,5.7
2015-01-31,0.0,0.0,0.0,18063.529,0.0,0.0,0.0,0.0,0.0,0.0,0.0
2015-02-01,95.4,235.342,59.2,0.0,1772.0,15313.3,289200.0,3.71,321164.0,169.124,5.5
2015-02-28,0.0,0.0,0.0,18063.529,0.0,0.0,0.0,0.0,0.0,0.0,0.0
2015-03-01,93.0,235.976,59.2,0.0,1920.0,15314.2,289200.0,3.77,321344.0,169.795,5.4
2015-03-31,0.0,0.0,0.0,18063.529,0.0,0.0,0.0,0.0,0.0,0.0,0.0
2015-04-01,95.9,236.222,59.3,0.0,2380.0,15373.5,289100.0,3.672,321538.0,170.293,5.4
2015-04-30,0.0,0.0,0.0,18279.784,0.0,0.0,0.0,0.0,0.0,0.0,0.0
2015-05-01,90.7,237.001,59.4,0.0,2158.0,15442.7,289100.0,3.84,321740.0,170.876,5.6
2015-05-31,0.0,0.0,0.0,18279.784,0.0,0.0,0.0,0.0,0.0,0.0,0.0
2015-06-01,96.1,237.657,59.4,0.0,2410.0,15479.0,289100.0,3.9825,321954.0,171.477,5.3
2015-06-30,0.0,0.0,0.0,18279.784,0.0,0.0,0.0,0.0,0.0,0.0,0.0
2015-07-01,93.1,238.034,59.3,0.0,2292.0,15518.6,295800.0,4.046,322186.0,172.148,5.2
2015-07-31,0.0,0.0,0.0,18401.626,0.0,0.0,0.0,0.0,0.0,0.0,0.0
2015-08-01,91.9,238.033,59.4,0.0,2260.0,15550.5,295800.0,3.905,322427.0,172.931,5.1
2015-08-31,0.0,0.0,0.0,18401.626,0.0,0.0,0.0,0.0,0.0,0.0,0.0
2015-09-01,87.2,237.498,59.2,0.0,2448.0,15570.5,295800.0,3.89,322670.0,173.824,5.0
2015-09-30,0.0,0.0,0.0,18401.626,0.0,0.0,0.0,0.0,0.0,0.0,0.0
2015-10-01,90.0,237.733,59.3,0.0,2116.0,15608.0,302500.0,3.796,322901.0,174.789,5.0
2015-10-31,0.0,0.0,0.0,18435.137,0.0,0.0,0.0,0.0,0.0,0.0,0.0
2015-11-01,91.3,238.017,59.4,0.0,2344.0,15615.4,302500.0,3.9425,323113.0,175.735,5.1
2015-11-30,0.0,0.0,0.0,18435.137,0.0,0.0,0.0,0.0,0.0,0.0,0.0
2015-12-01,92.6,237.761,59.6,0.0,2292.0,15668.4,302500.0,3.964,323318.0,176.537,5.0
2015-12-31,0.0,0.0,0.0,18435.137,0.0,0.0,0.0,0.0,0.0,0.0,0.0
2016-01-01,92.0,237.652,59.7,0.0,2184.0,15695.5,299800.0,3.8725,323509.0,177.262,4.8
2016-01-31,0.0,0.0,0.0,18525.933,0.0,0.0,0.0,0.0,0.0,0.0,0.0
2016-02-01,91.7,237.336,59.8,0.0,2450.0,15695.9,299800.0,3.66,323687.0,177.641,4.9
2016-02-29,0.0,0.0,0.0,18525.933,0.0,0.0,0.0,0.0,0.0,0.0,0.0
2016-03-01,91.0,238.08,59.8,0.0,2222.0,15731.6,299800.0,3.694,323871.0,178.156,5.0
2016-03-31,0.0,0.0,0.0,18525.933,0.0,0.0,0.0,0.0,0.0,0.0,0.0
2016-04-01,89.0,238.992,59.7,0.0,2326.0,15758.9,306000.0,3.605,324061.0,178.759,5.1
2016-04-30,0.0,0.0,0.0,18711.702,0.0,0.0,0.0,0.0,0.0,0.0,0.0
2016-05-01,94.7,239.557,59.7,0.0,2296.0,15777.2,306000.0,3.6,324260.0,179.42,4.8
2016-05-31,0.0,0.0,0.0,18711.702,0.0,0.0,0.0,0.0,0.0,0.0,0.0
2016-06-01,93.5,240.222,59.7,0.0,2406.0,15821.4,306000.0,3.568,324476.0,180.09,4.9
2016-06-30,0.0,0.0,0.0,18711.702,0.0,0.0,0.0,0.0,0.0,0.0,0.0
2016-07-01,90.0,240.101,59.8,0.0,2478.0,15891.5,303800.0,3.44,324697.0,180.85,4.8
2016-07-31,0.0,0.0,0.0,18892.639,0.0,0.0,0.0,0.0,0.0,0.0,0.0
2016-08-01,89.8,240.545,59.8,0.0,2342.0,15931.3,303800.0,3.435,324924.0,181.84,4.9
2016-08-31,0.0,0.0,0.0,18892.639,0.0,0.0,0.0,0.0,0.0,0.0,0.0
2016-09-01,91.2,241.176,59.7,0.0,2136.0,15999.1,303800.0,3.46,325155.0,182.813,5.0
2016-09-30,0.0,0.0,0.0,18892.639,0.0,0.0,0.0,0.0,0.0,0.0,0.0
2016-10-01,87.2,241.741,59.7,0.0,2626.0,16059.4,310900.0,3.47,325368.0,183.743,4.9
2016-10-31,0.0,0.0,0.0,19089.379,0.0,0.0,0.0,0.0,0.0,0.0,0.0
2016-11-01,93.8,242.026,59.7,0.0,2280.0,16107.6,310900.0,3.77,325562.0,184.753,4.7
2016-11-30,0.0,0.0,0.0,19089.379,0.0,0.0,0.0,0.0,0.0,0.0,0.0
2016-12-01,98.2,242.637,59.7,0.0,2504.0,16182.5,310900.0,4.198,325742.0,185.716,4.7
2016-12-31,0.0,0.0,0.0,19089.379,0.0,0.0,0.0,0.0,0.0,0.0,0.0
2017-01-01,98.5,243.618,59.9,0.0,2380.0,16293.3,313100.0,4.15,325901.0,186.796,4.7
2017-01-31,0.0,0.0,0.0,19280.084,0.0,0.0,0.0,0.0,0.0,0.0,0.0
2017-02-01,96.3,244.006,60.0,0.0,2542.0,16363.5,313100.0,4.1675,326050.0,187.314,4.6
2017-02-28,0.0,0.0,0.0,19280.084,0.0,0.0,0.0,0.0,0.0,0.0,0.0
2017-03-01,96.9,243.892,60.2,0.0,2380.0,16415.1,313100.0,4.196,326207.0,187.991,4.4
2017-03-31,0.0,0.0,0.0,19280.084,0.0,0.0,0.0,0.0,0.0,0.0,0.0
2017-04-01,97.0,244.193,60.2,0.0,2292.0,16476.0,318200.0,4.045,326371.0,188.721,4.4
2017-04-30,0.0,0.0,0.0,19438.643,0.0,0.0,0.0,0.0,0.0,0.0,0.0
2017-05-01,97.1,244.004,60.1,0.0,2314.0,16573.2,318200.0,4.01,326548.0,189.61,4.4
2017-05-31,0.0,0.0,0.0,19438.643,0.0,0.0,0.0,0.0,0.0,0.0,0.0
2017-06-01,95.0,244.163,60.1,0.0,2498.0,16604.0,318200.0,3.904,326743.0,190.519,4.3
2017-06-30,0.0,0.0,0.0,19438.643,0.0,0.0,0.0,0.0,0.0,0.0,0.0
2017-07-01,93.4,244.243,60.2,0.0,2412.0,16665.9,320500.0,3.9675,326939.0,191.465,4.3
2017-07-31,0.0,0.0,0.0,19692.595,0.0,0.0,0.0,0.0,0.0,0.0,0.0
2017-08-01,96.8,245.183,60.1,0.0,2318.0,16733.7,320500.0,3.88,327140.0,192.649,4.4
2017-08-31,0.0,0.0,0.0,19692.595,0.0,0.0,0.0,0.0,0.0,0.0,0.0
2017-09-01,95.1,246.435,60.4,0.0,2362.0,16841.9,320500.0,3.805,327342.0,193.745,4.3
2017-09-30,0.0,0.0,0.0,19692.595,0.0,0.0,0.0,0.0,0.0,0.0,0.0
2017-10-01,100.7,246.626,60.1,0.0,2514.0,16930.8,337900.0,3.895,327528.0,194.792,4.2
2017-10-31,0.0,0.0,0.0,20037.088,0.0,0.0,0.0,0.0,0.0,0.0,0.0
2017-11-01,98.5,247.284,60.1,0.0,2546.0,16997.5,337900.0,3.922,327699.0,195.945,4.2
2017-11-30,0.0,0.0,0.0,20037.088,0.0,0.0,0.0,0.0,0.0,0.0,0.0
2017-12-01,95.9,247.805,60.1,0.0,2354.0,17058.2,337900.0,3.95,327848.0,197.164,4.1
2017-12-31,0.0,0.0,0.0,20037.088,0.0,0.0,0.0,0.0,0.0,0.0,0.0
2018-01-01,95.7,248.859,60.1,0.0,2598.0,17141.7,331800.0,4.0325,327969.0,198.301,4.0
2018-01-31,0.0,0.0,0.0,20328.553,0.0,0.0,0.0,0.0,0.0,0.0,0.0
2018-02-01,99.7,249.529,60.4,0.0,2554.0,17204.1,331800.0,4.33,328085.0,199.228,4.1
2018-02-28,0.0,0.0,0.0,20328.553,0.0,0.0,0.0,0.0,0.0,0.0,0.0
2018-03-01,101.4,249.577,60.4,0.0,2636.0,17268.2,331800.0,4.444,328219.0,199.967,4.0
2018-03-31,0.0,0.0,0.0,20328.553,0.0,0.0,0.0,0.0,0.0,0.0,0.0
2018-04-01,98.8,250.227,60.4,0.0,2552.0,17328.7,315600.0,4.4675,328364.0,200.662,4.0
2018-04-30,0.0,0.0,0.0,20580.912,0.0,0.0,0.0,0.0,0.0,0.0,0.0
2018-05-01,98.0,250.792,60.5,0.0,2714.0,17404.4,315600.0,4.586,328521.0,201.427,3.8
2018-05-31,0.0,0.0,0.0,20580.912,0.0,0.0,0.0,0.0,0.0,0.0,0.0
2018-06-01,98.2,251.018,60.5,0.0,2384.0,17488.4,315600.0,4.57,328692.0,202.241,4.0
2018-06-30,0.0,0.0,0.0,20580.912,0.0,0.0,0.0,0.0,0.0,0.0,0.0
2018-07-01,97.9,251.214,60.6,0.0,2416.0,17587.6,330900.0,4.5275,328863.0,202.912,3.8
2018-07-31,0.0,0.0,0.0,20798.73,0.0,0.0,0.0,0.0,0.0,0.0,0.0
2018-08-01,96.2,251.663,60.3,0.0,2576.0,17664.0,330900.0,4.55,329040.0,203.661,3.8
2018-08-31,0.0,0.0,0.0,20798.73,0.0,0.0,0.0,0.0,0.0,0.0,0.0
2018-09-01,100.1,252.182,60.4,0.0,2500.0,17693.5,330900.0,4.6275,329216.0,204.322,3.7
2018-09-30,0.0,0.0,0.0,20798.73,0.0,0.0,0.0,0.0,0.0,0.0,0.0
2018-10-01,98.6,252.772,60.5,0.0,2442.0,17749.8,322800.0,4.83,329379.0,205.089,3.8
2018-10-31,0.0,0.0,0.0,20917.867,0.0,0.0,0.0,0.0,0.0,0.0,0.0
2018-11-01,97.5,252.594,60.6,0.0,2362.0,17795.7,322800.0,4.866,329527.0,205.661,3.8
2018-11-30,0.0,0.0,0.0,20917.867,0.0,0.0,0.0,0.0,0.0,0.0,0.0
2018-12-01,98.3,252.767,60.6,0.0,2190.0,18012.4,322800.0,4.6375,329659.0,206.148,3.9
2018-12-31,0.0,0.0,0.0,20917.867,0.0,0.0,0.0,0.0,0.0,0.0,0.0
2019-01-01,91.2,252.561,60.6,0.0,2452.0,18053.9,313000.0,4.464,329766.0,206.539,4.0
2019-01-31,0.0,0.0,0.0,21104.133,0.0,0.0,0.0,0.0,0.0,0.0,0.0
2019-02-01,93.8,253.319,60.7,0.0,2242.0,18151.4,313000.0,4.37,329862.0,206.864,3.8
2019-02-28,0.0,0.0,0.0,21104.133,0.0,0.0,0.0,0.0,0.0,0.0,0.0
2019-03-01,98.4,254.277,60.6,0.0,2382.0,18229.5,313000.0,4.265,329977.0,207.086,3.8
2019-03-31,0.0,0.0,0.0,21104.133,0.0,0.0,0.0,0.0,0.0,0.0,0.0
2019-04-01,97.2,255.233,60.5,0.0,2544.0,18262.1,322500.0,4.1425,330103.0,207.537,3.7
2019-04-30,0.0,0.0,0.0,21384.775,0.0,0.0,0.0,0.0,0.0,0.0,0.0
2019-05-01,100.0,255.296,60.6,0.0,2586.0,18277.0,322500.0,4.072,330240.0,208.151,3.6
2019-05-31,0.0,0.0,0.0,21384.775,0.0,0.0,0.0,0.0,0.0,0.0,0.0
2019-06-01,98.2,255.213,60.7,0.0,2486.0,18310.5,322500.0,3.8025,330393.0,208.643,3.6
2019-06-30,0.0,0.0,0.0,21384.775,0.0,0.0,0.0,0.0,0.0,0.0,0.0
2019-07-01,98.4,255.802,60.8,0.0,2480.0,18328.6,318400.0,3.765,330553.0,209.249,3.7
2019-07-31,0.0,0.0,0.0,21694.282,0.0,0.0,0.0,0.0,0.0,0.0,0.0
2019-08-01,89.8,256.036,60.8,0.0,2750.0,18423.6,318400.0,3.616,330729.0,210.029,3.6
2019-08-31,0.0,0.0,0.0,21694.282,0.0,0.0,0.0,0.0,0.0,0.0,0.0
2019-09-01,93.2,256.43,61.0,0.0,2622.0,18474.4,318400.0,3.605,330904.0,210.85,3.5
2019-09-30,0.0,0.0,0.0,21694.282,0.0,0.0,0.0,0.0,0.0,0.0,0.0
2019-10-01,95.5,257.155,61.0,0.0,2650.0,18549.5,327100.0,3.688,331066.0,211.751,3.6
2019-10-31,0.0,0.0,0.0,21902.39,0.0,0.0,0.0,0.0,0.0,0.0,0.0
2019-11-01,96.8,257.879,61.0,0.0,2706.0,18630.7,327100.0,3.695,331213.0,212.788,3.6
2019-11-30,0.0,0.0,0.0,21902.39,0.0,0.0,0.0,0.0,0.0,0.0,0.0
2019-12-01,99.3,258.63,61.1,0.0,3096.0,18583.8,327100.0,3.72,331345.0,213.944,3.6
2019-12-31,0.0,0.0,0.0,21902.39,0.0,0.0,0.0,0.0,0.0,0.0,0.0
2020-01-01,99.8,258.906,61.1,0.0,3156.0,18821.5,329000.0,3.624,331443.0,215.029,3.6
2020-01-31,0.0,0.0,0.0,21706.513,0.0,0.0,0.0,0.0,0.0,0.0,0.0
2020-02-01,101.0,259.246,61.1,0.0,3074.0,18925.6,329000.0,3.465,331525.0,215.893,3.5
2020-02-29,0.0,0.0,0.0,21706.513,0.0,0.0,0.0,0.0,0.0,0.0,0.0
2020-03-01,89.1,258.15,59.8,0.0,2504.0,18577.4,329000.0,3.45,331642.0,216.455,4.4
2020-03-31,0.0,0.0,0.0,21706.513,0.0,0.0,0.0,0.0,0.0,0.0,0.0
2020-04-01,71.8,256.126,51.2,0.0,1862.0,20750.9,317100.0,3.306,331699.0,216.856,12.5
2020-04-30,0.0,0.0,0.0,19913.143,0.0,0.0,0.0,0.0,0.0,0.0,0.0
2020-05-01,72.3,255.848,52.7,0.0,2106.0,19877.2,317100.0,3.2325,331701.0,216.999,12.5
2020-05-31,0.0,0.0,0.0,19913.143,0.0,0.0,0.0,0.0,0.0,0.0,0.0
2020-06-01,78.1,257.004,54.7,0.0,2508.0,19920.9,317100.0,3.1625,331744.0,217.57,11.0
2020-06-30,0.0,0.0,0.0,19913.143,0.0,0.0,0.0,0.0,0.0,0.0,0.0
2020-07-01,72.5,258.408,55.2,0.0,3046.0,20191.5,327900.0,3.016,331811.0,219.28,10.2
2020-07-31,0.0,0.0,0.0,21647.64,0.0,0.0,0.0,0.0,0.0,0.0,0.0
2020-08-01,74.1,259.366,56.5,0.0,2802.0,19594.2,327900.0,2.935,331885.0,222.265,8.4
2020-08-31,0.0,0.0,0.0,21647.64,0.0,0.0,0.0,0.0,0.0,0.0,0.0
2020-09-01,80.4,259.951,56.6,0.0,2926.0,19744.9,327900.0,2.89,331966.0,225.742,7.8
2020-09-30,0.0,0.0,0.0,21647.64,0.0,0.0,0.0,0.0,0.0,0.0,0.0
2020-10-01,81.8,260.249,57.5,0.0,3086.0,19758.5,338600.0,2.834,332041.0,229.685,6.8
2020-10-31,0.0,0.0,0.0,22024.502,0.0,0.0,0.0,0.0,0.0,0.0,0.0
2020-11-01,76.9,260.895,57.4,0.0,3106.0,19610.4,338600.0,2.765,332079.0,233.248,6.7
2020-11-30,0.0,0.0,0.0,22024.502,0.0,0.0,0.0,0.0,0.0,0.0,0.0
2020-12-01,80.7,262.005,57.4,0.0,3270.0,19775.2,338600.0,2.684,332062.0,236.555,6.7
2020-12-31,0.0,0.0,0.0,22024.502,0.0,0.0,0.0,0.0,0.0,0.0,0.0
2021-01-01,79.0,262.518,57.4,0.0,3278.0,21760.9,355000.0,2.735,332007.0,239.68,6.4
2021-01-31,0.0,0.0,0.0,22600.185,0.0,0.0,0.0,0.0,0.0,0.0,0.0
2021-02-01,76.8,263.583,57.5,0.0,2814.0,20254.0,355000.0,2.81,331983.0,242.419,6.2
2021-02-28,0.0,0.0,0.0,22600.185,0.0,0.0,0.0,0.0,0.0,0.0,0.0
2021-03-01,84.9,264.91,57.7,0.0,3336.0,24471.8,355000.0,3.0825,332023.0,245.545,6.1
2021-03-31,0.0,0.0,0.0,22600.185,0.0,0.0,0.0,0.0,0.0,0.0,0.0
2021-04-01,88.3,266.752,57.9,0.0,2984.0,21304.2,367800.0,3.06,332089.0,249.123,6.1
2021-04-30,0.0,0.0,0.0,23292.362,0.0,0.0,0.0,0.0,0.0,0.0,0.0
2021-05-01,82.9,268.452,58.0,0.0,3214.0,20899.7,367800.0,2.9625,332161.0,253.413,5.8
2021-05-31,0.0,0.0,0.0,23292.362,0.0,0.0,0.0,0.0,0.0,0.0,0.0
2021-06-01,85.5,270.664,58.1,0.0,3276.0,20934.3,367800.0,2.975,332249.0,258.23,5.9
2021-06-30,0.0,0.0,0.0,23292.362,0.0,0.0,0.0,0.0,0.0,0.0,0.0
2021-07-01,81.2,271.994,58.4,0.0,3200.0,21156.5,395200.0,2.868,332375.0,262.603,5.4
2021-07-31,0.0,0.0,0.0,23828.973,0.0,0.0,0.0,0.0,0.0,0.0,0.0
2021-08-01,70.3,272.789,58.6,0.0,3190.0,21207.3,395200.0,2.8425,332506.0,266.593,5.1
2021-08-31,0.0,0.0,0.0,23828.973,0.0,0.0,0.0,0.0,0.0,0.0,0.0
2021-09-01,72.8,273.887,58.8,0.0,3126.0,21051.2,395200.0,2.9,332610.0,270.197,4.7
2021-09-30,0.0,0.0,0.0,23828.973,0.0,0.0,0.0,0.0,0.0,0.0,0.0
2021-10-01,71.7,276.434,59.0,0.0,3174.0,21201.4,414000.0,3.0675,332708.0,273.603,4.5
2021-10-31,0.0,0.0,0.0,24654.603,0.0,0.0,0.0,0.0,0.0,0.0,0.0
2021-11-01,67.4,278.799,59.3,0.0,3408.0,21297.7,414000.0,3.0675,332806.0,277.309,4.1
2021-11-30,0.0,0.0,0.0,24654.603,0.0,0.0,0.0,0.0,0.0,0.0,0.0
2021-12-01,70.6,280.808,59.6,0.0,3514.0,21352.9,414000.0,3.098,332891.0,281.506,3.9
2021-12-31,0.0,0.0,0.0,24654.603,0.0,0.0,0.0,0.0,0.0,0.0,0.0
2022-01-01,67.2,282.39,59.7,0.0,3424.0,21294.8,413500.0,3.445,332933.0,286.173,4.0
2022-01-31,0.0,0.0,0.0,25029.116,0.0,0.0,0.0,0.0,0.0,0.0,0.0
2022-02-01,62.8,284.535,59.8,0.0,3484.0,21426.2,413500.0,3.7625,332972.0,291.223,3.8
2022-02-28,0.0,0.0,0.0,25029.116,0.0,0.0,0.0,0.0,0.0,0.0,0.0
2022-03-01,59.4,287.553,60.1,0.0,3356.0,21510.5,413500.0,4.172,333067.0,296.523,3.6
2022-03-31,0.0,0.0,0.0,25029.116,0.0,0.0,0.0,0.0,0.0,0.0,0.0
2022-04-01,65.2,288.764,59.9,0.0,3656.0,21581.3,437700.0,4.9825,333191.0,300.595,3.7
2022-04-30,0.0,0.0,0.0,25544.273,0.0,0.0,0.0,0.0,0.0,0.0,0.0
2022-05-01,58.4,291.359,60.0,0.0,3080.0,21657.1,437700.0,5.23,333317.0,303.702,3.6
2022-05-31,0.0,0.0,0.0,25544.273,0.0,0.0,0.0,0.0,0.0,0.0,0.0
2022-06-01,50.0,294.996,59.9,0.0,3084.0,21740.7,437700.0,5.522,333451.0,304.456,3.6
2022-06-30,0.0,0.0,0.0,25544.273,0.0,0.0,0.0,0.0,0.0,0.0,0.0
2022-07-01,51.5,294.977,60.0,0.0,2784.0,21910.5,438000.0,5.4125,333599.0,303.504,3.5
2022-07-31,0.0,0.0,0.0,25994.639,0.0,0.0,0.0,0.0,0.0,0.0,0.0
2022-08-01,58.2,295.209,60.1,0.0,3040.0,22024.3,438000.0,5.2225,333762.0,301.066,3.6
2022-08-31,0.0,0.0,0.0,25994.639,0.0,0.0,0.0,0.0,0.0,0.0,0.0
2022-09-01,58.6,296.341,60.1,0.0,2940.0,22121.5,438000.0,6.112,333925.0,299.069,3.5
2022-09-30,0.0,0.0,0.0,25994.639,0.0,0.0,0.0,0.0,0.0,0.0,0.0
2022-10-01,59.9,297.863,60.0,0.0,2880.0,22242.2,442600.0,6.9,334071.0,298.699,3.6
2022-10-31,0.0,0.0,0.0,26408.405,0.0,0.0,0.0,0.0,0.0,0.0,0.0
2022-11-01,56.7,298.648,59.9,0.0,2840.0,22267.7,442600.0,6.805,334206.0,298.402,3.6
2022-11-30,0.0,0.0,0.0,26408.405,0.0,0.0,0.0,0.0,0.0,0.0,0.0
2022-12-01,59.8,298.812,60.1,0.0,2680.0,22312.3,442600.0,6.364,334326.0,297.658,3.5
2022-12-31,0.0,0.0,0.0,26408.405,0.0,0.0,0.0,0.0,0.0,0.0,0.0
2023-01-01,64.9,300.356,60.2,0.0,2722.0,22525.3,429000.0,6.2725,334433.0,297.432,3.4
2023-01-31,0.0,0.0,0.0,26813.601,0.0,0.0,0.0,0.0,0.0,0.0,0.0
2023-02-01,66.9,301.509,60.2,0.0,2808.0,22648.4,429000.0,6.2575,334544.0,297.7,3.6
2023-02-28,0.0,0.0,0.0,26813.601,0.0,0.0,0.0,0.0,0.0,0.0,0.0
2023-03-01,62.0,301.744,60.4,0.0,2684.0,22757.9,429000.0,6.544,334664.0,298.8,3.5
2023-03-31,0.0,0.0,0.0,26813.601,0.0,0.0,0.0,0.0,0.0,0.0,0.0
2023-04-01,63.7,303.032,60.4,0.0,2736.0,22806.1,418500.0,6.3425,334792.0,300.297,3.4
2023-04-30,0.0,0.0,0.0,27063.012,0.0,0.0,0.0,0.0,0.0,0.0,0.0
2023-05-01,59.0,303.365,60.3,0.0,3166.0,22876.6,418500.0,6.425,334929.0,302.476,3.7
2023-05-31,0.0,0.0,0.0,27063.012,0.0,0.0,0.0,0.0,0.0,0.0,0.0
2023-06-01,64.2,304.003,60.3,0.0,2830.0,22921.4,418500.0,6.714,335080.0,304.323,3.6
2023-06-30,0.0,0.0,0.0,27063.012,0.0,0.0,0.0,0.0,0.0,0.0,0.0
2023-07-01,71.5,304.628,60.4,0.0,2946.0,22986.4,435400.0,6.84,335248.0,306.44,3.5
2023-07-31,0.0,0.0,0.0,27610.128,0.0,0.0,0.0,0.0,0.0,0.0,0.0
2023-08-01,69.4,306.187,0.0,0.0,2610.0,23094.5,435400.0,7.072,335431.0,308.858,3.8
2023-08-31,0.0,0.0,0.0,27610.128,0.0,0.0,0.0,7.18,0.0,0.0,0.0
2023-09-01,67.8,307.288,0.0,0.0,2726.0,23176.2,435400.0,0.0,335612.0,310.968,3.8
2023-09-07,0.0,0.0,0.0,0.0,0.0,0.0,0.0,7.12,0.0,0.0,0.0
2023-09-14,0.0,0.0,0.0,0.0,0.0,0.0,0.0,7.18,0.0,0.0,0.0
2023-09-21,0.0,0.0,0.0,0.0,0.0,0.0,0.0,7.19,0.0,0.0,0.0
2023-09-28,0.0,0.0,0.0,0.0,0.0,0.0,0.0,7.31,0.0,0.0,0.0
2023-09-30,0.0,0.0,0.0,27610.128,0.0,0.0,0.0,0.0,0.0,0.0,0.0
2023-10-01,63.8,307.531,0.0,0.0,2730.0,23189.4,423200.0,0.0,335773.0,312.866,3.8
2023-10-05,0.0,0.0,0.0,0.0,0.0,0.0,0.0,7.49,0.0,0.0,0.0
2023-10-12,0.0,0.0,0.0,0.0,0.0,0.0,0.0,7.57,0.0,0.0,0.0
2023-10-19,0.0,0.0,0.0,0.0,0.0,0.0,0.0,7.63,0.0,0.0,0.0
2023-10-26,0.0,0.0,0.0,0.0,0.0,0.0,0.0,7.79,0.0,0.0,0.0
2023-10-31,0.0,0.0,0.0,27956.998,0.0,0.0,0.0,0.0,0.0,0.0,0.0
2023-11-01,61.3,308.024,0.0,0.0,3020.0,23241.5,423200.0,0.0,335925.0,313.661,3.7
2023-11-02,0.0,0.0,0.0,0.0,0.0,0.0,0.0,7.76,0.0,0.0,0.0
2023-11-09,0.0,0.0,0.0,0.0,0.0,0.0,0.0,7.5,0.0,0.0,0.0
2023-11-16,0.0,0.0,0.0,0.0,0.0,0.0,0.0,7.44,0.0,0.0,0.0
2023-11-22,0.0,0.0,0.0,0.0,0.0,0.0,0.0,7.29,0.0,0.0,0.0
2023-11-30,0.0,0.0,0.0,27956.998,0.0,0.0,0.0,7.22,0.0,0.0,0.0
2023-12-01,69.7,308.742,0.0,0.0,3136.0,23311.6,423200.0,0.0,336070.0,314.381,3.7
2023-12-07,0.0,0.0,0.0,0.0,0.0,0.0,0.0,7.03,0.0,0.0,0.0
2023-12-14,0.0,0.0,0.0,0.0,0.0,0.0,0.0,6.95,0.0,0.0,0.0
2023-12-21,0.0,0.0,0.0,0.0,0.0,0.0,0.0,6.67,0.0,0.0,0.0
2023-12-28,0.0,0.0,0.0,0.0,0.0,0.0,0.0,6.61,0.0,0.0,0.0
2023-12-31,0.0,0.0,0.0,27956.998,0.0,0.0,0.0,0.0,0.0,0.0,0.0
2024-01-01,79.0,309.685,0.0,0.0,2752.0,23565.1,420800.0,0.0,336194.0,315.548,3.7
2024-01-04,0.0,0.0,0.0,0.0,0.0,0.0,0.0,6.62,0.0,0.0,0.0
2024-01-11,0.0,0.0,0.0,0.0,0.0,0.0,0.0,6.66,0.0,0.0,0.0
2024-01-18,0.0,0.0,0.0,0.0,0.0,0.0,0.0,6.6,0.0,0.0,0.0
2024-01-25,0.0,0.0,0.0,0.0,0.0,0.0,0.0,6.69,0.0,0.0,0.0
2024-01-31,0.0,0.0,0.0,28255.928,0.0,0.0,0.0,0.0,0.0,0.0,0.0
2024-02-01,76.9,0.0,0.0,0.0,3092.0,23632.3,0.0,6.63,336306.0,317.194,3.9
2024-02-08,0.0,0.0,0.0,0.0,0.0,0.0,0.0,6.64,0.0,0.0,0.0
2024-02-15,0.0,0.0,0.0,0.0,0.0,0.0,0.0,6.77,0.0,0.0,0.0
2024-02-22,0.0,0.0,0.0,0.0,0.0,0.0,0.0,6.9,0.0,0.0,0.0
2024-02-29,0.0,0.0,0.0,0.0,0.0,0.0,0.0,6.94,0.0,0.0,0.0
2024-03-01,79.4,0.0,0.0,0.0,2574.0,23758.5,0.0,0.0,336423.0,318.144,3.8
